frame,timestep,n_atoms,surface_area_A2,filled_volume_A3
0,0,6342,67411.60120223924,1581326.7020421121
1,1000,6712,70243.04302190756,1673361.3441056912
2,2000,7160,73769.31577044529,1775549.9341868274
3,3000,7558,77253.64353851884,1877182.143613982
4,4000,7924,80553.8399059012,1962772.0422280214
5,5000,8322,84303.78457001214,2061158.6975264868
6,6000,8676,87871.05286785308,2161446.3201504154
7,7000,9088,91526.52561611743,2264747.67161721
8,8000,9372,94448.38150482756,2339627.241662886
9,9000,9664,96789.21642930206,2419282.413251823
10,10000,9984,99038.79401825927,2503249.535231601
11,11000,10200,100180.15211571955,2568531.5380081516
12,12000,10388,101342.28294648245,2627322.4329028353
13,13000,10622,103152.27992222847,2696267.275749218
14,14000,10840,103985.53297876836,2750607.12496663
15,15000,10936,103776.79752480361,2781208.063779473
16,16000,11096,104377.76667798584,2819366.507268585
17,17000,11270,105038.71240655203,2863042.3928153836
18,18000,11442,105944.21520497586,2904724.5807643738
19,19000,11688,106964.73741741179,2967502.87063702
20,20000,11866,107962.37931863953,3011966.962109886
21,21000,12034,108854.78693079934,3055411.0226661367
22,22000,12144,108871.70183337784,3086382.88211572
23,23000,12258,109456.62917874803,3116659.2652821816
24,24000,12404,110188.38603730727,3151896.710403172
25,25000,12588,111313.13339738107,3198308.1346155424
26,26000,12732,111952.88788151734,3236930.2285856768
27,27000,12908,112890.77880548051,3280420.6541416384
28,28000,13110,114156.01948272454,3328037.569752226
29,29000,13276,115188.47121827673,3369580.6623980217
30,30000,13458,116313.58826673088,3416594.8322544824
31,31000,13672,117608.32848111635,3471398.331800086
32,32000,13864,118779.49459120104,3522492.627120098
33,33000,14106,120236.38265401515,3584529.075728521
34,34000,14226,120983.15501140959,3618561.0292003504
35,35000,14494,122722.56505020004,3689406.839438664
36,36000,14686,123646.27643818324,3741660.2608305574
37,37000,14934,125061.90342205345,3807452.2793843444
38,38000,15110,125925.32820383375,3852380.0216496987
39,39000,15242,126930.94498029354,3885391.943647398
40,40000,15444,128142.98796034715,3940149.0784002948
41,41000,15670,129532.56652019985,4002695.542990365
42,42000,15830,130108.23053681287,4042523.1285679075
43,43000,15992,131004.35606711151,4083324.3804450254
44,44000,16160,132000.06183889767,4129318.519072146
45,45000,16328,132856.98684120557,4172345.2938950947
46,46000,16484,133628.90209551432,4211060.118034591
47,47000,16644,134457.30387019765,4249589.482152585
48,48000,16754,135015.09814097683,4280654.07174278
49,49000,16858,135576.5461298037,4310049.519322875
50,50000,17000,136369.86651585234,4347327.026803838
51,51000,17156,137170.67778647246,4389565.595325153
52,52000,17330,137994.84071205446,4431108.687842722
53,53000,17496,138951.93160471055,4478911.064018248
54,54000,17600,139437.7606741049,4508816.527063743
55,55000,17718,139914.2899805495,4541086.607488625
56,56000,17872,140751.53416260044,4581980.590272116
57,57000,17984,141186.51960726004,4614436.1312001925
58,58000,18136,142085.0199518214,4653290.050640686
59,59000,18278,142531.3287272918,4689964.812400907
60,60000,18390,143135.7867629379,4718015.67309841
61,61000,18564,144037.68918296145,4765354.398339283
62,62000,18718,144871.54746512746,4802075.525448825
63,63000,18868,145672.48456659686,4839399.397398544
64,64000,19018,146441.39768535428,4877975.126623687
65,65000,19172,147325.04969614887,4918776.378417788
66,66000,19330,148180.95632052867,4961756.788221489
67,67000,19458,148892.5417526023,4993748.6786872605
68,68000,19598,149501.99898657543,5030006.155237222
69,69000,19746,150334.81567183498,5070575.581159682
70,70000,19880,151069.191413103,5105813.026322851
71,71000,19950,151224.6878414646,5124590.875419424
72,72000,20100,152060.57347605552,5164279.365519486
73,73000,20254,152925.61096151528,5205683.363802033
74,74000,20350,153513.0435501079,5230859.590820053
75,75000,20458,153968.00153037917,5258029.515093044
76,76000,20608,154727.44581410734,5296373.418896359
77,77000,20714,155267.7049696198,5323265.153132591
78,78000,20788,155460.0916543017,5343341.223801553
79,79000,20988,156875.92088253374,5398562.008714878
80,80000,21102,157438.20935257938,5424062.791381457
81,81000,21238,158135.57899397676,5459068.4111997
82,82000,21356,158512.5757848452,5490457.555948292
83,83000,21474,159141.4515474579,5521614.875706309
84,84000,21604,159880.03547885362,5556156.8449942125
85,85000,21752,160647.66443081357,5595938.065158147
86,86000,21864,161166.8347885918,5627234.480211537
87,87000,21990,161684.9850191384,5658577.26008381
88,88000,22090,162181.91294097799,5686303.565359833
89,89000,22174,162348.03251675653,5706008.715159181
90,90000,22274,162765.99127534422,5731184.941927292
91,91000,22452,163821.16998960348,5778801.858153042
92,92000,22548,164326.86015860754,5806991.813611676
93,93000,22634,164786.37168904362,5827948.820550136
94,94000,22766,165673.26102250846,5863000.804784962
95,95000,22890,166069.54204959742,5894807.235698495
96,96000,23028,166720.65262792286,5934032.075309666
97,97000,23164,167474.1726402102,5965699.410581992
98,98000,23312,168274.90142953425,6006454.29752255
99,99000,23440,168880.8337767634,6038585.283261241
100,100000,23582,169561.77261115372,6077485.567811557
101,101000,23702,170158.0003505492,6109987.473914171
102,102000,23806,170878.11759729343,6138223.794987099
103,103000,23928,171474.56366146868,6169705.670314146
104,104000,24038,171903.63506250796,6202300.306813021
105,105000,24188,172612.52348420673,6240273.290119063
106,106000,24278,173069.5670227891,6263548.550113139
107,107000,24370,173592.1516243928,6288400.221075756
108,108000,24542,174497.4129678978,6331148.80573343
109,109000,24678,174987.35055229755,6367823.567418342
110,110000,24794,175762.3917918287,6398378.141053903
111,111000,24844,175917.77876949075,6410664.881880562
112,112000,24966,176655.28772816487,6440616.709810827
113,113000,25086,177316.80702321682,6471634.934397764
114,114000,25212,177927.2026276203,6504322.300576497
115,115000,25394,178731.06538226386,6550733.725045128
116,116000,25494,179381.2515385979,6578135.475010991
117,117000,25660,180357.22790687397,6622275.0111839725
118,118000,25792,180915.1011961679,6654174.171592874
119,119000,25894,181445.37315644824,6680602.255488218
120,120000,26012,182067.57248537173,6711805.940047532
121,121000,26126,182858.31155966528,6741757.767642543
122,122000,26204,183182.67611473816,6759376.490345968
123,123000,26220,183029.58693377065,6759932.871253379
124,124000,26310,183401.9291104459,6782837.210122691
125,125000,26412,183976.3739716626,6811258.991322438
126,126000,26488,184247.50632623062,6830593.221010163
127,127000,26570,184722.3341961915,6849741.990519451
128,128000,26628,184943.5377265955,6862909.667211814
129,129000,26666,185076.79348274838,6872831.789755374
130,130000,26756,185629.06940152965,6896014.319405585
131,131000,26868,186156.3097592618,6925363.401766761
132,132000,26926,186376.24259552627,6940895.696581412
133,133000,27008,186779.28430156872,6961852.703239692
134,134000,27142,187574.54414304902,6996580.1320808185
135,135000,27238,188054.61642077882,7024260.072889846
136,136000,27380,188850.64081798942,7061769.405469374
137,137000,27420,188999.9088481662,7072665.194220568
138,138000,27476,189290.09166626853,7085925.601168501
139,139000,27580,189897.37090787038,7114161.921734511
140,140000,27652,190186.08820042075,7132290.660130115
141,141000,27720,190451.51158320266,7149213.906365403
142,142000,27798,190844.89768181895,7168779.961724357
143,143000,27876,191208.3513197903,7191777.03097871
144,144000,27976,191781.16017010057,7216999.62274196
145,145000,28110,192567.77131109228,7256409.922788668
146,146000,28266,193539.78939229692,7294614.73194769
147,147000,28328,193732.71113678435,7311259.787969858
148,148000,28432,194404.67800378977,7339727.934183449
149,149000,28492,194563.03542968616,7353081.071389164
150,150000,28542,194673.25147215702,7365414.176609413
151,151000,28598,194930.44592763882,7380065.535166822
152,152000,28756,195837.79858218314,7420774.05711598
153,153000,28872,196637.74553070308,7452487.757482806
154,154000,29010,197410.3542362326,7486056.060091671
155,155000,29170,198272.3329244602,7526254.566441706
156,156000,29260,198791.7555402792,7552311.729095159
157,157000,29338,199162.01337022157,7573825.116619757
158,158000,29544,200309.09814546554,7625383.062504376
159,159000,29592,200509.22561651538,7637484.343150975
160,160000,29654,200782.6880484568,7655659.446035841
161,161000,29736,201171.08706552838,7676477.357601145
162,162000,29772,201316.46138872075,7684173.95740538
163,163000,29818,201576.1454513288,7696089.7775848815
164,164000,29894,201993.3215533367,7716814.958954615
165,165000,30034,202873.1478982707,7754324.29131098
166,166000,30092,203237.21500098854,7769902.951373423
167,167000,30158,203584.57122884208,7785713.436427417
168,168000,30272,204291.11033097046,7815294.3439738015
169,169000,30360,204781.04237288667,7836900.461669651
170,170000,30506,205600.0541308926,7876542.586691933
171,171000,30510,205617.9949564327,7874409.794071832
172,172000,30588,206050.5496116953,7896386.832206031
173,173000,30680,206600.38186749528,7921470.329439976
174,174000,30728,206797.91996204102,7931763.37190253
175,175000,30802,207042.58135414342,7951329.426770762
176,176000,30844,207235.37032246857,7963337.977368645
177,177000,30938,207774.25247683018,7988004.188444231
178,178000,31048,208419.57515639745,8017492.366074302
179,179000,31054,208314.9821451039,8015684.128704577
180,180000,31114,208576.43929170896,8029871.836804559
181,181000,31178,208890.00838658697,8049855.177128566
182,182000,31232,209086.83508869214,8063440.139911235
183,183000,31370,210017.44336012818,8099280.330173726
184,184000,31490,210721.42781815253,8131921.332128392
185,185000,31544,211032.69419251574,8145830.849423557
186,186000,31570,211184.86046062876,8151487.386808153
187,187000,31694,211963.42289583324,8183154.722162442
188,188000,31818,212667.62429717375,8214497.501586752
189,189000,31956,213502.65364368705,8250384.057835965
190,190000,32020,213881.5582342977,8269069.17629271
191,191000,32106,214330.72679452132,8293364.46739402
192,192000,32160,214694.2730527682,8308479.476463946
193,193000,32292,215539.15505430667,8342835.985428302
194,194000,32326,215755.3583443211,8351135.331000359
195,195000,32388,216139.37512403738,8366343.070405272
196,196000,32500,216821.55234630435,8396851.27873278
197,197000,32598,217362.72518911434,8420311.998709174
198,198000,32690,217987.27745013716,8445859.146459747
199,199000,32738,218149.62558151037,8457728.601202102
200,200000,32838,218739.51416453952,8484481.24049348
201,201000,32944,219311.9210771711,8509147.451841947
202,202000,33060,219993.41376747467,8541185.70766745
203,203000,33086,219996.37726166606,8547166.80032814
204,204000,33126,220070.35298090565,8557135.2877465
205,205000,33152,220134.28991638252,8564136.411947524
206,206000,33182,220266.9308853316,8572574.852392694
207,207000,33262,220748.49701977873,8592790.018167598
208,208000,33330,221131.9446345057,8610594.201228445
209,209000,33408,221527.33500266296,8629835.700739432
210,210000,33482,221965.07317899138,8649819.04080173
211,211000,33536,222188.7358443174,8664099.479296703
212,212000,33604,222512.8769973889,8680698.170383984
213,213000,33612,222597.78752591813,8680929.995917328
214,214000,33686,223029.22374472735,8701423.351777468
215,215000,33734,223391.61534743218,8712736.425868852
216,216000,33774,223710.59995931073,8723354.024312409
217,217000,33812,223827.70476722418,8732766.131258857
218,218000,33876,224307.07089433717,8748993.901933651
219,219000,33924,224605.65298769376,8760863.35724165
220,220000,33934,224561.66484347085,8762393.40403454
221,221000,33986,224938.34859546024,8777091.127841042
222,222000,34066,225433.34467354877,8796657.183003003
223,223000,34164,226075.32180914632,8823270.726663485
224,224000,34220,226475.05007939963,8838107.54529038
225,225000,34294,226844.10652688163,8859157.282202234
226,226000,34372,227250.9040461868,8877007.830045864
227,227000,34398,227332.9228239224,8881829.796141027
228,228000,34472,227731.9771645922,8901210.391133301
229,229000,34514,227965.32886588914,8911364.339116422
230,230000,34576,228261.1849552293,8927870.299839938
231,231000,34648,228698.57511493616,8948131.830157753
232,232000,34696,229022.5000900183,8959073.984352022
233,233000,34762,229425.37437685713,8977202.722478654
234,234000,34862,230089.38516391712,9000756.17241751
235,235000,34946,230602.23450340828,9024866.002824223
236,236000,35054,231230.2831572894,9053705.069653958
237,237000,35116,231521.8394440499,9069051.903733736
238,238000,35188,231965.3005560004,9087644.292696401
239,239000,35232,232200.68165773217,9096917.30513474
240,240000,35290,232533.79879299933,9111893.218682425
241,241000,35360,232934.61746627724,9132386.574945634
242,242000,35412,233192.307574802,9144256.030083755
243,243000,35492,233665.18648458287,9166835.813580554
244,244000,35586,234238.54895030273,9192012.040829046
245,245000,35686,234744.86850200428,9219089.235699309
246,246000,35788,235382.88694584326,9245795.509550707
247,247000,35888,235936.21713626798,9270600.815773828
248,248000,35946,236372.2589408004,9284278.50829359
249,249000,35994,236572.70759006366,9298188.026049305
250,250000,36052,236894.05312296873,9312004.813644903
251,251000,36074,237002.67719806437,9316177.668796815
252,252000,36108,237169.8884347182,9324198.824163467
253,253000,36160,237344.80392229234,9337320.135663027
254,254000,36184,237435.7734420436,9344506.720127465
255,255000,36264,237959.97676518772,9366159.202214511
256,256000,36344,238432.17054890856,9386977.113847023
257,257000,36416,238883.17390715124,9406635.899016514
258,258000,36476,239325.82924528737,9423651.875241237
259,259000,36488,239218.42035269635,9424022.796050912
260,260000,36520,239360.87500549358,9432832.157214483
261,261000,36582,239725.47624181307,9447900.80114605
262,262000,36650,240110.02410541466,9466307.729712859
263,263000,36702,240274.2371762052,9478919.025371987
264,264000,36748,240564.66921060655,9490093.005105508
265,265000,36820,241050.50917751683,9507758.09283745
266,266000,36840,241109.14361890766,9512626.423831802
267,267000,36892,241565.98964103594,9526443.210973997
268,268000,36986,242059.32740220474,9551433.978160758
269,269000,37000,242030.92030784607,9555606.833492946
270,270000,37052,242257.34809305292,9567244.463544823
271,271000,37106,242568.8876671416,9581339.441516524
272,272000,37164,242855.6909104445,9597010.83112423
273,273000,37292,243656.7304835572,9630208.213136142
274,274000,37334,243885.7857688621,9641938.573397713
275,275000,37416,244327.3430149109,9662756.484861182
276,276000,37450,244496.96990909314,9671704.941744803
277,277000,37464,244485.91041919476,9674672.305079658
278,278000,37518,244856.11916014706,9688071.807097604
279,279000,37508,244883.65064030953,9684826.252791584
280,280000,37552,245161.95695234978,9697205.723847352
281,281000,37620,245453.45939618145,9713943.510064354
282,282000,37720,246141.78583976728,9739166.101966502
283,283000,37762,246343.05124065516,9750293.716132639
284,284000,37838,246709.66064625877,9770787.072018003
285,285000,37872,246902.0436088666,9777927.290962841
286,286000,37948,247334.0048037659,9798606.10794326
287,287000,37998,247592.50537779278,9809826.451841721
288,288000,38028,247795.2993432467,9820212.224826196
289,289000,38068,247991.60362625777,9829253.411131311
290,290000,38148,248609.42164931292,9851369.544443753
291,291000,38174,248587.9524941459,9856098.78066701
292,292000,38188,248659.139106412,9859807.985272374
293,293000,38178,248670.72720626782,9857165.177258559
294,294000,38234,248901.57395426426,9872558.37633922
295,295000,38266,249191.1785483112,9881645.927778287
296,296000,38328,249536.57945374196,9898708.269531202
297,297000,38336,249456.7472301374,9900052.856458928
298,298000,38338,249451.74838743897,9899496.475980798
299,299000,38470,250211.9649307721,9934177.540142339
300,300000,38474,250226.42968404276,9936449.427937828
301,301000,38540,250537.8841015787,9953001.753513359
302,302000,38566,250672.51276957657,9959863.78268158
303,303000,38620,251007.69251679644,9973958.760057231
304,304000,38656,251244.9122718093,9983417.232301341
305,305000,38682,251491.19089718716,9988517.388808483
306,306000,38668,251339.5603284767,9985735.485470654
307,307000,38698,251416.9086942173,9992087.498521022
308,308000,38772,251857.52270296356,10011607.188302515
309,309000,38826,252208.4971956287,10025933.99165912
310,310000,38876,252444.54404657448,10039843.509511834
311,311000,38928,252719.9979799197,10053567.566877851
312,312000,38996,253143.03375090528,10072020.860429928
313,313000,38998,253124.07882793405,10068636.211049827
314,314000,39062,253442.95769727867,10085976.743195077
315,315000,39104,253665.39714276706,10095898.865966892
316,316000,39192,254290.74291176168,10119452.315311955
317,317000,39290,254790.62590541935,10146714.970177041
318,318000,39340,254979.70491386153,10160160.83748396
319,319000,39364,255184.16418896956,10165956.469758322
320,320000,39438,255597.9451936063,10184409.763219
321,321000,39480,255837.1345555092,10196186.487827152
322,322000,39530,256086.26358213625,10209864.18066836
323,323000,39642,256766.43905562893,10238749.612249753
324,324000,39720,257224.59407746763,10258083.8415189
325,325000,39808,257802.62355892625,10281220.00612782
326,326000,39894,258223.34921319224,10304031.615777288
327,327000,39942,258346.96309003892,10318033.863649966
328,328000,40014,258834.75647387427,10338295.394042484
329,329000,39996,258580.6243005491,10332407.032166911
330,330000,40068,258892.6324849686,10350721.22958039
331,331000,40112,259183.12972823568,10363564.3509921
332,332000,40168,259409.8560962264,10376036.55244735
333,333000,40192,259552.45886864,10381600.35946985
334,334000,40232,259768.88935616062,10392357.053097961
335,335000,40224,259661.86880941025,10390131.530429825
336,336000,40246,259790.60380083692,10396854.463244108
337,337000,40308,260200.01763392225,10412896.773939243
338,338000,40370,260481.6199825222,10430422.766588088
339,339000,40450,260956.329310479,10451936.153644571
340,340000,40576,261848.51019087536,10486292.662535695
341,341000,40614,261982.5860886329,10495936.595177913
342,342000,40622,261937.03904162158,10496353.880555635
343,343000,40674,262110.68859196335,10511329.793908948
344,344000,40742,262496.8906952736,10528484.866243392
345,345000,40786,262877.51075629465,10538453.353819331
346,346000,40844,263105.9186650507,10554263.83900263
347,347000,40832,263072.4679096904,10549349.142884742
348,348000,40796,262827.7471265235,10538638.813872883
349,349000,40846,263165.2750967318,10551713.760824056
350,350000,40924,263664.13487493945,10572531.672087794
351,351000,41006,264295.6545490397,10593859.599205429
352,352000,41022,264290.8900901073,10600026.152071027
353,353000,41082,264480.4936118787,10614213.859630745
354,354000,41098,264535.2063573437,10617413.049045753
355,355000,41194,265105.6987904604,10642450.180464152
356,356000,41244,265443.87085435237,10656498.793593561
357,357000,41266,265493.6269161108,10663360.822187407
358,358000,41306,265659.07287565275,10673375.675262807
359,359000,41312,265660.0627168754,10673932.05621618
360,360000,41358,265882.4575805632,10685662.415946495
361,361000,41396,266119.6560609079,10695028.157986667
362,362000,41378,265763.0478896348,10690020.73168657
363,363000,41428,266057.8733287791,10702585.662599666
364,364000,41420,266063.8054195679,10699571.933902858
365,365000,41466,266269.26624580513,10711255.928849451
366,366000,41454,266196.44544277637,10708427.660304338
367,367000,41470,266196.2476703005,10713064.165744936
368,368000,41466,266142.0443729644,10711719.579007221
369,369000,41502,266317.5118617494,10721270.781423848
370,370000,41576,266695.2316970594,10740558.646152785
371,371000,41642,267025.3098260903,10757481.89245718
372,372000,41704,267435.69711521117,10774683.329729479
373,373000,41744,267672.5245460781,10785161.832716078
374,374000,41750,267723.2528312083,10785579.118624313
375,375000,41794,267881.23131158395,10797494.938901592
376,376000,41870,268336.86961799517,10818683.771130577
377,377000,41962,268828.2587537086,10842654.505942382
378,378000,41992,268995.24345688394,10849933.820062201
379,379000,42040,269266.5976795178,10862637.846235024
380,380000,42026,269157.8694999367,10857815.880241511
381,381000,42132,269762.35504885425,10884012.138968393
382,382000,42136,269817.0038063482,10887072.232844586
383,383000,42186,270042.4715059569,10900147.17918654
384,384000,42266,270553.62580662424,10919620.504138958
385,385000,42216,270051.33449621114,10907009.20829489
386,386000,42268,270421.6433391066,10920408.710068943
387,387000,42292,270462.1616823391,10927224.373759352
388,388000,42362,270884.00405801355,10946419.507686703
389,389000,42334,270633.6468736709,10938212.892448884
390,390000,42378,270878.9809709794,10949294.141480753
391,391000,42456,271383.32537874125,10969741.132496934
392,392000,42476,271497.05119614763,10975722.225191489
393,393000,42526,271760.9717410725,10989075.362125635
394,394000,42566,272024.79641150724,10999322.04009535
395,395000,42584,272068.7840988227,11003726.720788721
396,396000,42642,272398.25651791296,11019537.205857908
397,397000,42698,272776.0623630586,11033864.009125497
398,398000,42690,272678.29890266125,11030803.915688336
399,399000,42730,272922.0672676745,11040772.402966674
400,400000,42782,273217.043710939,11054589.190592801
401,401000,42844,273681.7907133604,11071836.992837928
402,402000,42878,273783.61156272265,11079904.513190698
403,403000,42878,273775.4391436953,11079440.862657212
404,404000,42900,273902.0490029392,11085607.415715413
405,405000,42902,273878.3200802674,11086673.812225835
406,406000,42940,274195.1375709269,11095668.63335889
407,407000,42946,274125.2054404754,11098033.251188459
408,408000,42950,274041.1775436609,11097105.95009537
409,409000,42970,274116.6226173141,11101510.630441833
410,410000,43008,274325.2207922219,11111618.213059014
411,411000,42952,273979.4627606434,11095900.458504362
412,412000,43014,274412.84293623513,11113751.00575391
413,413000,43012,274374.5780781885,11111293.657984458
414,414000,43074,274734.11772122374,11128355.999386432
415,415000,43118,275042.56393406284,11140179.088991119
416,416000,43166,275321.92083002644,11152604.925211923
417,417000,43222,275657.0071136131,11167766.299768593
418,418000,43210,275585.3413911205,11164938.031061389
419,419000,43172,275406.7599216094,11152373.100095214
420,420000,43268,275988.07513219345,11177595.692685047
421,421000,43300,276176.3519652066,11186868.70433034
422,422000,43310,276191.82350639,11189140.592206066
423,423000,43318,276301.5847834007,11190856.099485256
424,424000,43368,276580.8760193405,11203467.395523554
425,425000,43376,276530.37781985605,11205600.187809242
426,426000,43416,276694.66732251126,11215985.961545862
427,427000,43442,276847.0595346738,11222477.069257528
428,428000,43488,277182.82394044695,11234902.904863406
429,429000,43480,277009.50030832726,11232074.63628457
430,430000,43514,277170.3347076388,11241486.743191257
431,431000,43578,277560.0586689829,11260032.76731273
432,432000,43640,277939.82137537963,11276956.013372207
433,433000,43658,277961.7068484307,11281499.7892408
434,434000,43696,278131.9376981603,11290030.960240332
435,435000,43736,278398.21684662864,11301807.68499388
436,436000,43716,278318.33093396673,11294760.196194656
437,437000,43730,278389.2977184785,11298376.670724653
438,438000,43770,278658.6395988178,11306583.285898212
439,439000,43798,278818.1471046209,11314465.345814694
440,440000,43828,279035.5585381069,11322950.151594361
441,441000,43854,279142.3470446332,11327957.578458041
442,442000,43894,279400.8524037407,11339224.287774391
443,443000,43966,279641.6764844137,11359068.532947939
444,444000,43960,279648.53429422295,11357492.121233989
445,445000,44008,279955.8885052943,11371077.08339815
446,446000,44020,280116.4471135892,11372838.955617161
447,447000,44008,279985.0953045544,11369129.75092466
448,448000,43980,279812.0471690446,11359856.73929472
449,449000,44036,280143.09662498435,11375203.573867736
450,450000,44076,280445.85651470505,11385450.251352508
451,451000,44160,280950.6727339932,11407844.575010836
452,452000,44202,281076.5731077014,11419389.474832177
453,453000,44202,281045.10108419025,11418601.268283293
454,454000,44304,281563.070930458,11445446.63800128
455,455000,44318,281542.43296544824,11450083.143680803
456,456000,44374,281902.2097296811,11465012.692800904
457,457000,44406,282073.67808762577,11473126.578243991
458,458000,44428,282127.5791297856,11480081.337196458
459,459000,44452,282321.5807533888,11485598.779448062
460,460000,44474,282491.6007902217,11491904.426781558
461,461000,44462,282340.26133703033,11488705.238539271
462,462000,44442,282200.4501241474,11481935.939543702
463,463000,44520,282625.3842600005,11503866.612638049
464,464000,44520,282733.3129784701,11503866.612513032
465,465000,44558,282930.32913312834,11513927.830601154
466,466000,44594,283057.21757664456,11523525.397334795
467,467000,44606,283111.6934998433,11527373.69730533
468,468000,44622,283136.65026388376,11529460.124642843
469,469000,44670,283467.13479838613,11542720.531540295
470,470000,44682,283303.5487216383,11545502.434954433
471,471000,44660,283216.71088228695,11538964.961665154
472,472000,44730,283659.59545164334,11556398.224152809
473,473000,44786,283908.4589189651,11573136.010560451
474,474000,44820,284146.2677924523,11582687.212524282
475,475000,44844,284274.3583628592,11589363.781072792
476,476000,44852,284351.6372892248,11591542.939076135
477,477000,44918,284697.52470495057,11608837.105960364
478,478000,44944,284816.9691969446,11615977.325439665
479,479000,45018,285254.27475455217,11634523.348765282
480,480000,45066,285365.0015768992,11649684.723160852
481,481000,45160,285880.53927447414,11675278.235784205
482,482000,45206,286141.5315642462,11688445.912427496
483,483000,45188,285987.9341418719,11680285.66191245
484,484000,45224,286267.67931160395,11690254.149946151
485,485000,45256,286436.6291201356,11698738.955335742
486,486000,45236,286338.75847971626,11692201.482598806
487,487000,45262,286410.55826130416,11699434.431429353
488,488000,45246,286383.3617323433,11694658.83003883
489,489000,45270,286451.97135898675,11701335.398724593
490,490000,45322,286751.0294047691,11715105.821045198
491,491000,45336,286764.54792084935,11718536.835618583
492,492000,45374,287019.9105908851,11727207.101417672
493,493000,45428,287307.22671235056,11741812.095163925
494,494000,45464,287504.6341449168,11751734.217842218
495,495000,45504,287753.4557178718,11761980.895521907
496,496000,45558,288080.31358949293,11776817.714742374
497,497000,45532,287907.9819341647,11769677.49541901
498,498000,45566,288073.7090518033,11777745.015505336
499,499000,45618,288176.6260052795,11792674.564899193
500,500000,45678,288554.9788700502,11807789.57393343
501,501000,45766,288958.6716902938,11831111.199089546
502,502000,45776,289082.6629437693,11833104.896810248
503,503000,45808,289228.6662247133,11841033.321970405
504,504000,45832,289390.3847205859,11848729.92149283
505,505000,45842,289369.50886108493,11849981.777709022
506,506000,45888,289695.5954891037,11860738.47145103
507,507000,45918,289725.9318109134,11870428.769498289
508,508000,45966,290026.2274562088,11881046.367524678
509,509000,46024,290343.62380148814,11896115.0115061
510,510000,46030,290452.74340703577,11898340.534257177
511,511000,46044,290422.1413906754,11901586.088404717
512,512000,46096,290755.19429111836,11915263.78102698
513,513000,46122,290901.2284017381,11922125.809743995
514,514000,46148,291044.37989313714,11929312.393968334
515,515000,46174,291037.4630744699,11936313.517986378
516,516000,46198,291201.65152174886,11941877.325072251
517,517000,46166,291005.1728187546,11933067.963993717
518,518000,46196,291150.9048414099,11940671.83374789
519,519000,46160,290996.6322463428,11929683.314190963
520,520000,46170,291066.267386627,11931908.83736093
521,521000,46180,291115.65894141165,11934366.185702315
522,522000,46178,291038.19812783174,11934227.090205934
523,523000,46144,290905.6705636881,11925464.094449239
524,524000,46218,291389.77076873765,11944102.847758194
525,525000,46198,291217.7450348457,11939605.43708839
526,526000,46222,291374.8532061994,11946235.64041848
527,527000,46290,291861.7418157529,11964457.108477142
528,528000,46276,291743.9866222863,11959403.317304445
529,529000,46282,291836.368210553,11959635.142757239
530,530000,46294,291882.69781677757,11962973.426987983
531,531000,46358,292177.9571513535,11979247.562029265
532,532000,46402,292338.86751893605,11991395.207638826
533,533000,46422,292505.45827831945,11997747.220496785
534,534000,46434,292607.12638895796,12001502.790335685
535,535000,46426,292617.0028306731,11998118.141466772
536,536000,46390,292258.9236085202,11988381.478750404
537,537000,46464,292746.3888997208,12007901.168883625
538,538000,46472,292739.69629023055,12011656.738535775
539,539000,46484,292808.2270029139,12013372.245601494
540,540000,46516,292947.53985513735,12022088.876966834
541,541000,46576,293266.0995170913,12038641.202988591
542,542000,46636,293651.8988553335,12055100.799266282
543,543000,46654,293561.4874335212,12060154.590540789
544,544000,46626,293489.8028959056,12051484.324289618
545,545000,46674,293740.09440329985,12064652.001116296
546,546000,46678,293665.33606058976,12066135.683252297
547,547000,46684,293672.6180041092,12066460.238350932
548,548000,46620,293437.8340210004,12047450.564171797
549,549000,46630,293492.9648503582,12050557.023049863
550,550000,46630,293584.5612301209,12050788.848277189
551,551000,46696,293894.85604879557,12069242.14175769
552,552000,46692,293818.74804749916,12068036.650486331
553,553000,46696,293823.1691217975,12069473.967150193
554,554000,46722,293968.9004072922,12075315.964477759
555,555000,46776,294275.68400422315,12089364.57719011
556,556000,46818,294572.99506177317,12101512.222815422
557,557000,46844,294602.6683110487,12108930.632043578
558,558000,46852,294656.06191711157,12110646.139221689
559,559000,46836,294586.6826520207,12105685.078115076
560,560000,46852,294699.90473849856,12110321.584246809
561,561000,46962,295356.6678559914,12139995.221361686
562,562000,46978,295477.4333492185,12144168.076978218
563,563000,46990,295559.8277610961,12146208.139894588
564,564000,46976,295372.4245884988,12142128.014276208
565,565000,47058,295814.3783353994,12163780.496840138
566,566000,47076,295940.3823062402,12168648.828202482
567,567000,47112,296147.60591946455,12178988.236325031
568,568000,47072,295931.7661276606,12167721.526989039
569,569000,47146,296392.7900548039,12187473.042307874
570,570000,47118,296269.8401080493,12179220.06170353
571,571000,47158,296390.6102912424,12189003.089731812
572,572000,47286,297227.3974046925,12222061.3761034
573,573000,47260,297163.5053580712,12214874.791635204
574,574000,47228,296833.44941583445,12207178.191946803
575,575000,47196,296637.98355323967,12197905.18077517
576,576000,47220,296751.29250378744,12204025.368129915
577,577000,47282,297069.3179313845,12219650.39306306
578,578000,47274,296871.18367165787,12219279.472319806
579,579000,47312,297073.23916892515,12229387.055688685
580,580000,47318,297090.35501548013,12230592.547099974
581,581000,47330,297153.69236326864,12234116.291107582
582,582000,47348,297295.51803357765,12238799.162342092
583,583000,47354,297330.71474274737,12240607.39969209
584,584000,47362,297369.6629380495,12241766.526245581
585,585000,47420,297769.4843287773,12257020.630960016
586,586000,47418,297716.535229088,12258504.3126627
587,587000,47470,297971.5535147609,12271393.799001709
588,588000,47476,297865.6607450386,12272784.751029333
589,589000,47518,298164.4156401444,12283402.349506535
590,590000,47446,297711.9559345952,12263511.739165569
591,591000,47480,297880.7858873453,12273062.941239877
592,592000,47550,298324.88799881696,12292397.170974566
593,593000,47568,298430.77143442637,12296940.946377063
594,594000,47596,298723.3492370598,12304359.355829155
595,595000,47626,298859.6821206689,12312380.511018092
596,596000,47666,299073.99128794466,12322117.173385957
597,597000,47752,299514.3820508304,12345531.528676111
598,598000,47714,299238.0331577304,12334821.199858032
599,599000,47708,299125.4502151054,12333059.32722286
600,600000,47750,299305.07914831094,12344140.576706693
601,601000,47784,299426.83763563755,12353877.238889605
602,602000,47784,299385.48946116667,12354387.255279621
603,603000,47778,299362.3458149813,12351698.081564147
604,604000,47790,299428.99732783856,12355082.730584549
605,605000,47810,299619.0528981306,12358513.744970532
606,606000,47792,299552.9170437417,12354526.350206496
607,607000,47852,299878.6489430293,12369687.72414773
608,608000,47878,300046.66957894404,12377337.95893847
609,609000,47872,300042.61963958474,12375112.436213719
610,610000,47942,300466.90570799634,12393704.824610552
611,611000,47988,300658.4027617597,12405481.549264627
612,612000,47968,300597.79391824594,12398758.615841202
613,613000,47978,300636.15117493976,12400984.138947451
614,614000,48054,301023.9668252765,12421199.304638753
615,615000,48078,301138.87637371593,12427365.85759442
616,616000,48086,301150.7935958919,12429637.745126856
617,617000,48126,301362.6256139813,12440626.264021143
618,618000,48170,301517.0986579483,12452263.89358431
619,619000,48192,301571.6183140002,12459033.193002826
620,620000,48218,301726.0927667956,12464736.095197592
621,621000,48254,301900.99036329327,12474380.027526816
622,622000,48228,301747.37524365966,12466034.316921175
623,623000,48200,301586.0016970751,12458198.622006362
624,624000,48232,301774.51844203717,12467007.983052624
625,625000,48212,301665.3791201609,12460748.699909983
626,626000,48228,301680.12743202824,12465060.650368564
627,627000,48240,301732.7525397188,12467888.919177547
628,628000,48232,301688.5771302188,12465477.935904386
629,629000,48286,301986.45386561716,12480268.390150003
630,630000,48294,302020.9210800319,12482540.277786901
631,631000,48334,302206.20580869686,12493250.606095256
632,632000,48328,302140.2711385506,12491396.003883598
633,633000,48342,302228.1939900454,12494780.653067755
634,634000,48386,302400.0190544603,12506789.203187738
635,635000,48382,302479.28410306387,12505537.346902283
636,636000,48400,302565.3049066462,12510683.868281486
637,637000,48422,302685.02630103,12515923.12000856
638,638000,48400,302517.07320619415,12510220.217932515
639,639000,48364,302300.84925514867,12498860.778016688
640,640000,48420,302685.134125135,12514068.517334437
641,641000,48500,303154.04168250336,12535952.825671835
642,642000,48466,302902.59389317903,12527050.734634541
643,643000,48530,303277.56999648263,12543371.234827142
644,644000,48592,303645.4202132132,12560248.116572296
645,645000,48638,303853.38546600053,12572766.682378957
646,646000,48660,303861.2299810872,12579211.425651858
647,647000,48676,303992.904944714,12582178.789223183
648,648000,48698,304116.65901055257,12588067.151716761
649,649000,48772,304502.23400293593,12607586.841859462
650,650000,48860,304907.4971001827,12631186.656433728
651,651000,48896,305056.160959468,12641016.048901271
652,652000,48874,304876.3881885401,12635266.78207613
653,653000,48870,304811.43729040166,12634710.400730068
654,654000,48916,305031.71525106224,12646626.22131355
655,655000,48934,305114.5896130525,12651355.456784924
656,656000,48920,304906.65726126404,12649083.56936165
657,657000,48944,305105.50196167594,12654971.931309886
658,658000,48926,305054.5906440932,12649686.315024681
659,659000,48860,304714.7346484916,12630815.735866109
660,660000,48878,304820.7681056919,12635452.242001029
661,661000,48866,304780.9292528082,12632577.608205665
662,662000,48850,304617.09327387635,12628682.943667004
663,663000,48848,304593.24866817513,12628451.118326005
664,664000,48832,304452.8436195649,12624834.643995944
665,665000,48906,304854.289741297,12644678.888316967
666,666000,48960,305192.03991422534,12659469.342215372
667,667000,48944,305073.70480503363,12655899.233063579
668,668000,48986,305310.5078145653,12666795.021919608
669,669000,49006,305488.46326891327,12672034.273337636
670,670000,49040,305697.4106870928,12680101.793563858
671,671000,49114,306170.6921322627,12699621.48347627
672,672000,49134,306291.38523043995,12704907.100195255
673,673000,49190,306571.02498714486,12720253.934700409
674,674000,49162,306406.6488381719,12712279.145063108
675,675000,49176,306447.25174223416,12715988.34925868
676,676000,49214,306580.6146899415,12726837.773197861
677,677000,49234,306655.2651833527,12730593.342857994
678,678000,49238,306746.65808442415,12732308.850158535
679,679000,49292,306944.9396210736,12747887.509774918
680,680000,49334,307186.9960430717,12758690.568623431
681,681000,49366,307385.69027029345,12767639.02506674
682,682000,49378,307356.4200372338,12769539.99208456
683,683000,49372,307344.382143681,12768612.691055002
684,684000,49362,307267.2017295537,12765135.311863877
685,685000,49386,307374.6157107828,12771626.419324743
686,686000,49364,307220.0299965688,12764625.296226786
687,687000,49394,307392.6226925517,12773341.926888993
688,688000,49428,307585.65317368734,12782846.764057167
689,689000,49426,307503.08095911465,12782012.193300566
690,690000,49388,307314.1739917466,12769910.912475215
691,691000,49430,307536.7138355398,12781734.002669241
692,692000,49442,307578.2402232232,12784840.461893007
693,693000,49428,307491.7975291046,12779972.130515862
694,694000,49430,307525.16760774323,12779740.305231022
695,695000,49398,307299.5787897089,12772600.086125718
696,696000,49406,307373.8086181875,12775521.084627798
697,697000,49398,307311.01674242335,12773017.371349463
698,698000,49454,307753.638709362,12787297.80983839
699,699000,49386,307177.2228394306,12771023.674359098
700,700000,49480,307833.6049597006,12795736.25105948
701,701000,49482,307814.05272836424,12796709.917107174
702,702000,49518,307960.2412615724,12806122.023715446
703,703000,49550,308169.77682357316,12815070.480429085
704,704000,49590,308433.66499367525,12825085.332965124
705,705000,49562,308328.8728197834,12817945.114212807
706,706000,49580,308222.2439559878,12823416.190978438
707,707000,49566,308145.83829981915,12819196.97030097
708,708000,49578,308167.82116753206,12822396.159856616
709,709000,49606,308372.17078828317,12829860.93418803
710,710000,49644,308634.70450369536,12839783.056942677
711,711000,49676,308815.2967476129,12847526.022006476
712,712000,49724,309106.09928936884,12861342.809693508
713,713000,49732,309058.7548300793,12863892.8875045
714,714000,49766,309229.1845138469,12873258.62942167
715,715000,49822,309495.9910167293,12888651.829087775
716,716000,49838,309649.81388293207,12891526.46295244
717,717000,49836,309605.60920275515,12890877.352224646
718,718000,49836,309549.326488609,12890830.986962628
719,719000,49884,309815.9894576554,12903117.727589998
720,720000,49862,309680.0286004072,12898063.936336322
721,721000,49858,309571.00150642515,12896209.333898012
722,722000,49844,309448.54380752274,12891804.653400548
723,723000,49874,309603.32761275687,12900984.935222488
724,724000,49842,309479.54268830386,12891990.113387618
725,725000,49836,309427.9228465902,12889671.860636579
726,726000,49842,309415.3044908727,12891480.098169988
727,727000,49854,309470.68755901017,12894911.11199363
728,728000,49888,309695.42723536363,12903210.45783047
729,729000,49958,310056.6070036166,12923147.43373596
730,730000,49980,310124.5700540466,12928711.240382478
731,731000,49956,310006.8409388015,12922081.0369945
732,732000,49928,309782.25511838915,12912947.120337345
733,733000,49952,309892.7186502827,12919901.879218064
734,734000,49976,310068.6833034787,12927181.193389863
735,735000,49944,309810.6322342932,12917490.895693785
736,736000,49962,309878.2084823391,12922312.862279264
737,737000,49964,309877.91572738165,12923425.623893242
738,738000,50016,310229.2809407391,12936964.220873132
739,739000,49950,309712.83147363644,12920133.704166794
740,740000,49964,309678.45641364524,12924584.750095252
741,741000,50008,310034.830517935,12937706.061663793
742,742000,50006,310015.3953746498,12936129.649811741
743,743000,50022,310038.78953740146,12940070.679760775
744,744000,49994,309890.8289736259,12932420.445146149
745,745000,49998,309869.99750324746,12932884.095583888
746,746000,50140,310667.1149808498,12971784.379647402
747,747000,50162,310812.4857021384,12975725.409477634
748,748000,50192,310946.78159006103,12984488.405807205
749,749000,50190,310900.51875601726,12983051.0891096
750,750000,50150,310664.68838504114,12972387.125038607
751,751000,50198,310948.9018419766,12984859.326244758
752,752000,50210,310999.4558593525,12988243.97569723
753,753000,50192,310936.72867526946,12983978.390137373
754,754000,50224,311133.9235368646,12992185.005418602
755,755000,50290,311499.8537077968,13009989.18823855
756,756000,50312,311590.6777283072,13017268.50255223
757,757000,50310,311629.2807293838,13015645.725674309
758,758000,50324,311717.5549333448,13018566.724632673
759,759000,50338,311638.3279133613,13023435.05548672
760,760000,50338,311700.1759635773,13022415.024084913
761,761000,50296,311416.7181799706,13009989.18869989
762,762000,50234,311104.17021402274,12994364.163197944
763,763000,50218,310903.19425857114,12992277.735764613
764,764000,50244,311011.8797472873,12999093.399666138
765,765000,50226,310958.7309585452,12994225.068472067
766,766000,50208,310865.40128216683,12988522.166051785
767,767000,50214,310882.23022734903,12990886.783865921
768,768000,50224,310959.0235894062,12993668.68758197
769,769000,50222,310869.31867925543,12993575.957773844
770,770000,50280,311131.51038203225,13010035.553556409
771,771000,50244,310998.6755683295,12998815.209055038
772,772000,50242,311024.44104543404,12998027.002903732
773,773000,50254,311029.7078199791,13001550.747707766
774,774000,50314,311456.6614379013,13017361.23240395
775,775000,50312,311407.35523658106,13017639.42304483
776,776000,50416,312025.16025511874,13044299.332214452
777,777000,50406,311912.1691827033,13042722.92037332
778,778000,50450,312126.8908077817,13054175.089485297
779,779000,50432,312114.0728206217,13049121.29832657
780,780000,50450,312182.39766726503,13053804.169258358
781,781000,50448,312159.2645246874,13052923.23301192
782,782000,50448,312093.6084088494,13052784.137815641
783,783000,50420,311841.07359380304,13045829.379093118
784,784000,50466,312154.1338652305,13057467.009232946
785,785000,50470,312125.8849849297,13059043.420892565
786,786000,50490,312300.5570343476,13063911.751868883
787,787000,50498,312365.4387572896,13066600.925445655
788,788000,50502,312402.1772667945,13067481.861717675
789,789000,50514,312478.66176131554,13070588.320323514
790,790000,50506,312441.93463253864,13067389.131207248
791,791000,50560,312767.49384168023,13082040.49034984
792,792000,50598,312989.34544022585,13091823.517596323
793,793000,50608,313020.4180016721,13094790.881309811
794,794000,50582,312776.67222924123,13086537.901104208
795,795000,50636,313139.17373602826,13101699.275736092
796,796000,50672,313302.94140554545,13111250.47741666
797,797000,50700,313394.5472723702,13118205.236357907
798,798000,50726,313537.4680619472,13125809.105652297
799,799000,50756,313773.6222775135,13132902.959501125
800,800000,50760,313722.56730475195,13134618.46706443
801,801000,50748,313634.21248705784,13131882.928537091
802,802000,50748,313571.98463681206,13131187.452815345
803,803000,50834,314178.64704380365,13154230.88682134
804,804000,50826,314065.8708952733,13152190.824421637
805,805000,50924,314618.56417655305,13177737.971653564
806,806000,50914,314626.5426042562,13173889.67207588
807,807000,50972,314895.0612494735,13189885.617037991
808,808000,50982,314941.4059555307,13193502.091876864
809,809000,51004,314983.2095119058,13199158.628769346
810,810000,51008,314988.8296958399,13199993.200001962
811,811000,51034,315120.345802487,13206577.038413716
812,812000,51110,315614.62957348576,13225447.617339462
813,813000,51122,315723.4686219911,13228554.076087397
814,814000,51144,315769.144957376,13233005.121829437
815,815000,51152,315866.11580101715,13235323.375014868
816,816000,51144,315757.251556803,13233607.86796271
817,817000,51128,315649.13109448145,13229064.091989476
818,818000,51118,315631.41714780475,13226421.28341514
819,819000,51110,315633.760832895,13223129.364366135
820,820000,51082,315392.61226896435,13217055.54182603
821,821000,51072,315311.4041433626,13214644.558672126
822,822000,51026,315017.4593151114,13203238.754577026
823,823000,50992,314791.060288342,13195263.963991188
824,824000,51024,314987.101865394,13203285.119475223
825,825000,51064,315382.60413223854,13213021.781424925
826,826000,51058,315199.3835485489,13212372.67092641
827,827000,51066,315300.936136154,13214134.543132853
828,828000,51110,315498.33680196153,13225679.442986108
829,829000,51104,315472.9487264623,13224242.126107339
830,830000,51098,315369.8754007562,13222990.269324308
831,831000,51160,315749.32299511664,13238476.198671173
832,832000,51142,315666.64843750745,13233607.867644152
833,833000,51146,315674.70568040205,13233932.422985189
834,834000,51130,315518.3688886585,13229759.56796434
835,835000,51108,315404.00631716376,13224242.125987327
836,836000,51160,315571.73231292854,13239032.579459073
837,837000,51204,315866.5733666504,13251412.050521497
838,838000,51230,315992.5574749594,13258134.983925555
839,839000,51264,316264.592834632,13267083.440283844
840,840000,51240,316105.790806284,13259943.221355474
841,841000,51260,316170.7420433481,13265738.853645343
842,842000,51298,316383.3786118918,13275753.706223156
843,843000,51278,316315.19989354146,13269448.05819564
844,844000,51294,316377.1723055823,13273852.73906
845,845000,51264,316103.00070265617,13265136.107916076
846,846000,51228,315864.47014179535,13255492.17577639
847,847000,51238,315941.4113682215,13258598.634519428
848,848000,51176,315576.68255501543,13242973.61012857
849,849000,51160,315455.8213150084,13238661.659176258
850,850000,51142,315321.59349754854,13235369.740163634
851,851000,51084,314989.89568271127,13219976.540794365
852,852000,51098,315019.53859966027,13223824.840539556
853,853000,51120,315100.96585687244,13230408.678537026
854,854000,51122,315064.0210062062,13230501.408725824
855,855000,51090,314856.5259601838,13222341.158364916
856,856000,51088,314860.87082781247,13221692.047585633
857,857000,51140,315048.2619291807,13235601.565405859
858,858000,51114,315009.39295643335,13228090.425675562
859,859000,51130,315102.2685750392,13232448.741145683
860,860000,51110,314995.04319999675,13226792.204328287
861,861000,51070,314759.5772784003,13216128.240462458
862,862000,51098,314816.5650151383,13224056.66548835
863,863000,51090,314803.649080671,13222619.348778943
864,864000,51036,314471.5291686761,13208941.656869113
865,865000,51030,314431.73977861734,13206808.86370093
866,866000,51006,314258.68532961153,13200503.215939306
867,867000,51064,314581.97878028324,13217009.176744265
868,868000,51100,314782.75754903717,13226328.553431736
869,869000,51098,314755.42101348157,13225725.80792133
870,870000,51074,314674.29473135166,13218631.953871444
871,871000,51042,314521.5594253644,13209776.227411434
872,872000,51026,314381.3212952245,13206762.498589722
873,873000,51064,314590.52516391163,13217101.906795917
874,874000,51046,314488.0623146563,13211167.179386621
875,875000,51028,314246.8908194923,13208338.910787925
876,876000,50992,314093.43973618164,13198092.232696429
877,877000,50976,313945.9289362967,13194985.773552535
878,878000,50956,313821.79135375447,13189468.331443697
879,879000,50962,313845.865732436,13190581.093193136
880,880000,50998,314019.4356295098,13200271.390674803
881,881000,50998,314078.7117813592,13200735.041203544
882,882000,51054,314430.9758717959,13215293.669637816
883,883000,51012,314185.35343988374,13203563.309537593
884,884000,51048,314303.94203244534,13214273.638115834
885,885000,51044,314417.73473627557,13211167.17923388
886,886000,51016,314230.0383984437,13203702.40495261
887,887000,50978,313929.6428716133,13194661.217947911
888,888000,51034,314298.560949498,13208570.736016208
889,889000,51016,314178.982717186,13204768.801281366
890,890000,50960,313877.1237401291,13189329.23657781
891,891000,50998,314060.78352560685,13200781.40659125
892,892000,51000,314097.70652652637,13200549.580803098
893,893000,51024,314195.0061171094,13206994.323996844
894,894000,51052,314356.2299227268,13214690.923707929
895,895000,51098,314660.4133594976,13226699.473617973
896,896000,51094,314553.96463729645,13225864.902875822
897,897000,51114,314611.12907958543,13231011.424731981
898,898000,51152,314842.9750528498,13242278.133963993
899,899000,51196,315086.7954093197,13253776.66875287
900,900000,51200,315083.28986829706,13255260.350642035
901,901000,51216,315174.5813735969,13257810.428174606
902,902000,51178,314977.3943977329,13246358.258946454
903,903000,51144,314758.93615548697,13237038.882401299
904,904000,51142,314790.3077929463,13236853.422024725
905,905000,51078,314382.6253518608,13219420.159828736
906,906000,51066,314336.58338633156,13216730.986412114
907,907000,51092,314458.9895756201,13224288.490600707
908,908000,51162,314841.5942221624,13243808.180705337
909,909000,51204,315136.9381744148,13254703.969781213
910,910000,51186,314983.97333153145,13249928.368428538
911,911000,51174,314915.24311709666,13246590.084355252
912,912000,51172,314931.5804664492,13245523.687799456
913,913000,51128,314676.8560295359,13233283.312426846
914,914000,51130,314651.45951669407,13234720.629500935
915,915000,51122,314629.400508015,13232170.551155703
916,916000,51160,314880.6626697665,13242139.038617557
917,917000,51138,314773.33042206755,13236204.311061857
918,918000,51224,315242.3152479808,13260406.871829484
919,919000,51264,315441.32866378926,13270699.91511008
920,920000,51332,315820.75935503404,13289292.303711478
921,921000,51314,315731.2532109091,13283311.211007893
922,922000,51268,315443.0417826857,13270375.359637197
923,923000,51272,315477.9272307599,13271766.311449328
924,924000,51252,315481.8153452516,13265228.838124527
925,925000,51218,315154.9953311871,13257207.682607295
926,926000,51228,315153.4783557298,13259618.665704511
927,927000,51224,315206.77436370635,13259155.015294487
928,928000,51176,314922.29581887525,13245662.783114823
929,929000,51176,314882.64045073657,13246543.719271688
930,930000,51208,314983.73758823046,13255074.89006661
931,931000,51194,314953.64586798043,13250716.574700654
932,932000,51176,314878.33785694384,13246821.909331098
933,933000,51156,314761.60521931655,13241675.388021825
934,934000,51132,314605.7435467355,13235462.47019128
935,935000,51130,314566.2887649062,13235555.200493993
936,936000,51164,314723.4282029029,13245291.862402858
937,937000,51138,314504.4659956017,13238383.468724458
938,938000,51122,314406.56307427195,13233329.677542455
939,939000,51202,314990.90487878176,13254703.969652569
940,940000,51230,315020.94066057494,13262586.029378321
941,941000,51208,314886.0293279356,13256048.556475768
942,942000,51254,315166.34224614577,13268335.296993446
943,943000,51248,315109.0347356772,13265970.679194106
944,944000,51324,315515.48108609236,13286927.685694579
945,945000,51308,315494.3550289176,13281456.608840976
946,946000,51268,315259.35311511124,13270699.915096674
947,947000,51292,315423.9957694249,13277237.388588497
948,948000,51380,316058.4640212484,13301393.584354067
949,949000,51416,316230.42282452335,13311083.88110132
950,950000,51424,316216.12032595515,13312660.293448951
951,951000,51404,316029.8028317868,13306864.661132198
952,952000,51494,316470.62038745073,13331484.507676959
953,953000,51512,316628.24820043065,13336167.378651122
954,954000,51488,316480.358485151,13329398.079768615
955,955000,51446,316279.01021663315,13317992.275241358
956,956000,51460,316385.5988050644,13322118.765659498
957,957000,51464,316447.85491806135,13322165.130631212
958,958000,51466,316478.70579353743,13321933.305491442
959,959000,51478,316584.60259766685,13325410.684609704
960,960000,51472,316510.7857788262,13323185.161973594
961,961000,51498,316713.4064390357,13329537.175048549
962,962000,51522,316889.8419943529,13337233.774888039
963,963000,51430,316275.89235649654,13312011.182783643
964,964000,51458,316436.08679084387,13318734.116278065
965,965000,51450,316417.29109429894,13316184.038325714
966,966000,51514,316829.4799089829,13332921.824203277
967,967000,51500,316653.79080157983,13328424.413362622
968,968000,51544,316983.95409079094,13341082.074841687
969,969000,51560,317019.8878531063,13345440.390423387
970,970000,51590,317161.6076982927,13352997.894657347
971,971000,51624,317355.89222415566,13362920.017209845
972,972000,51580,317087.19461245986,13349984.165741768
973,973000,51564,316970.1805514017,13345115.834687237
974,974000,51578,317120.3181023041,13348964.134382395
975,975000,51596,317306.7893715452,13352997.894508803
976,976000,51622,317472.01192123763,13360648.129175039
977,977000,51634,317441.24588638503,13364032.778454104
978,978000,51638,317492.3534182746,13364960.079653962
979,979000,51658,317597.1263674729,13370338.426945452
980,980000,51672,317695.3228921462,13374001.266666658
981,981000,51690,317751.05764236714,13379008.692790525
982,982000,51706,317908.59756244236,13382532.437296141
983,983000,51724,317934.9045228584,13387725.324193366
984,984000,51742,318073.6017235891,13393057.305968994
985,985000,51762,318206.90820974996,13398945.668437881
986,986000,51828,318525.88578508626,13417028.041434424
987,987000,51768,318143.8495807481,13400661.175892238
988,988000,51702,317795.0584137594,13381697.865982825
989,989000,51714,317900.8353037928,13384897.055166401
990,990000,51722,317889.21639367397,13386983.48279989
991,991000,51686,317585.5791950613,13376968.630129706
992,992000,51718,317783.82148917724,13387168.943378543
993,993000,51734,317874.6135656495,13392408.194800578
994,994000,51692,317550.8302056638,13380214.18428138
995,995000,51754,317945.3804028797,13396766.510640219
996,996000,51724,317789.33630781627,13388513.529970132
997,997000,51748,317935.05381411273,13394819.177813537
998,998000,51800,318207.7623949503,13408682.330887305
999,999000,51750,317947.6919828339,13394170.066901458
